rank,prev_rank,name,league,off,def,spi
1,1,Manchester City,Barclays Premier League,2.91,0.2,93.77
2,2,Barcelona,Spanish Primera Division,3.14,0.43,91.93
3,3,Bayern Munich,German Bundesliga,3.18,0.51,91.13
4,4,Liverpool,Barclays Premier League,2.61,0.4,88.42
5,5,Real Madrid,Spanish Primera Division,2.48,0.41,87.1
6,8,Paris Saint-Germain,French Ligue 1,2.66,0.53,86.63
7,6,Atletico Madrid,Spanish Primera Division,2.19,0.32,86.0
8,7,Chelsea,Barclays Premier League,2.39,0.44,85.67
9,9,Manchester United,Barclays Premier League,2.47,0.51,85.07
10,12,Atalanta,Italy Serie A,2.53,0.56,84.69
11,10,Borussia Dortmund,German Bundesliga,2.58,0.62,84.17
12,13,Juventus,Italy Serie A,2.51,0.6,83.9
13,11,RB Leipzig,German Bundesliga,2.38,0.55,83.26
14,14,Internazionale,Italy Serie A,2.47,0.62,82.98
15,15,Sevilla FC,Spanish Primera Division,2.18,0.49,81.96
16,16,Villarreal,Spanish Primera Division,2.1,0.46,81.81
17,17,Tottenham Hotspur,Barclays Premier League,2.29,0.58,81.7
18,18,Real Sociedad,Spanish Primera Division,2.15,0.5,81.46
19,21,Arsenal,Barclays Premier League,2.15,0.51,81.34
20,23,Leicester City,Barclays Premier League,2.15,0.53,80.87
21,19,Bayer Leverkusen,German Bundesliga,2.17,0.55,80.59
22,22,Ajax,Dutch Eredivisie,2.67,0.9,79.89
23,20,Napoli,Italy Serie A,2.27,0.67,79.47
24,28,Lyon,French Ligue 1,2.2,0.65,78.9
25,24,Aston Villa,Barclays Premier League,2.18,0.65,78.41
26,25,FC Salzburg,Austrian T-Mobile Bundesliga,2.84,1.09,78.41
27,29,Borussia Monchengladbach,German Bundesliga,2.34,0.83,77.02
28,34,Eintracht Frankfurt,German Bundesliga,2.28,0.8,76.73
29,32,VfL Wolfsburg,German Bundesliga,2.07,0.67,76.58
30,27,AS Roma,Italy Serie A,2.27,0.8,76.52
31,26,AC Milan,Italy Serie A,2.22,0.79,76.18
32,30,West Ham United,Barclays Premier League,2.0,0.66,75.64
33,31,FC Porto,Portuguese Liga,2.15,0.78,75.26
34,35,Lille,French Ligue 1,1.79,0.54,75.05
35,33,Everton,Barclays Premier League,1.98,0.69,74.78
36,37,Zenit St Petersburg,Russian Premier Liga,2.15,0.82,74.32
37,40,AS Monaco,French Ligue 1,2.16,0.83,74.16
38,38,Southampton,Barclays Premier League,1.85,0.63,73.91
39,39,Brighton and Hove Albion,Barclays Premier League,1.92,0.68,73.85
40,42,Lazio,Italy Serie A,2.11,0.83,73.56
41,36,Benfica,Portuguese Liga,2.15,0.87,73.14
42,41,Getafe,Spanish Primera Division,1.64,0.53,72.6
43,43,Celta Vigo,Spanish Primera Division,1.93,0.74,72.54
44,46,Real Betis,Spanish Primera Division,1.97,0.8,71.82
45,44,Shakhtar Donetsk,UEFA Europa League,2.23,1.0,71.75
46,47,Wolverhampton,Barclays Premier League,1.85,0.72,71.69
47,48,Athletic Bilbao,Spanish Primera Division,1.75,0.65,71.65
48,50,Olympiacos,Greek Super League,1.91,0.78,71.43
49,53,Eibar,Spanish Primera Division,1.7,0.63,71.18
50,45,VfB Stuttgart,German Bundesliga,2.13,0.96,70.81
51,49,Club Brugge,Belgian Jupiler League,1.94,0.83,70.63
52,51,1. FC Union Berlin,German Bundesliga,1.84,0.77,70.26
53,54,Flamengo,Brasileiro Série A,2.05,0.93,70.07
54,55,TSG Hoffenheim,German Bundesliga,2.12,0.99,70.0
55,57,Rangers,Scottish Premiership,1.96,0.88,69.78
56,52,SC Freiburg,German Bundesliga,2.04,0.97,69.04
57,58,Young Boys,Swiss Raiffeisen Super League,1.96,0.95,68.23
58,65,Osasuna,Spanish Primera Division,1.72,0.78,67.77
59,59,Leeds United,Barclays Premier League,2.05,1.05,67.55
60,61,Levante,Spanish Primera Division,1.94,0.96,67.55
61,64,Burnley,Barclays Premier League,1.63,0.73,67.42
62,62,Sporting CP,Portuguese Liga,1.69,0.78,67.21
63,60,Stade Rennes,French Ligue 1,1.62,0.73,67.12
64,63,Crystal Palace,Barclays Premier League,1.72,0.81,66.9
65,56,Hertha Berlin,German Bundesliga,1.82,0.9,66.72
66,66,Dinamo Zagreb,UEFA Europa League,1.98,1.04,66.47
67,68,Fiorentina,Italy Serie A,1.74,0.85,66.39
68,69,FC Krasnodar,Russian Premier Liga,1.86,0.95,66.14
69,74,Fulham,Barclays Premier League,1.68,0.84,65.49
70,75,River Plate,Argentina Primera Division,1.74,0.88,65.48
71,73,Udinese,Italy Serie A,1.66,0.82,65.45
72,78,Werder Bremen,German Bundesliga,1.75,0.89,65.42
73,72,Valencia,Spanish Primera Division,1.82,0.98,64.93
74,76,Granada,Spanish Primera Division,1.68,0.86,64.92
75,77,CSKA Moscow,Russian Premier Liga,1.72,0.89,64.9
76,79,Alavés,Spanish Primera Division,1.68,0.86,64.9
77,71,PSV,Dutch Eredivisie,2.05,1.17,64.65
78,84,Besiktas,Turkish Turkcell Super Lig,2.05,1.18,64.46
79,80,Slavia Prague,UEFA Europa League,1.92,1.08,64.42
80,114,Internacional,Brasileiro Série A,1.65,0.86,64.34
81,70,Cadiz,Spanish Primera Division,1.57,0.8,64.22
82,81,Braga,Portuguese Liga,1.81,1.0,64.13
83,67,Marseille,French Ligue 1,1.6,0.83,64.11
84,89,Strasbourg,French Ligue 1,1.72,0.95,63.55
85,82,Dynamo Kiev,UEFA Europa League,1.87,1.08,63.45
86,100,AZ,Dutch Eredivisie,2.05,1.24,63.15
87,85,Sheffield United,Barclays Premier League,1.59,0.86,63.11
88,96,Lens,French Ligue 1,1.59,0.87,62.92
89,83,Brentford,English League Championship,1.6,0.88,62.92
90,112,Galatasaray,Turkish Turkcell Super Lig,1.84,1.09,62.61
91,92,Real Valladolid,Spanish Primera Division,1.58,0.88,62.51
92,88,Sassuolo,Italy Serie A,1.88,1.13,62.36
93,102,SD Huesca,Spanish Primera Division,1.54,0.85,62.28
94,116,Verona,Italy Serie A,1.63,0.93,61.93
95,93,Spartak Moscow,Russian Premier Liga,1.65,0.95,61.89
96,94,Guangzhou Evergrande,Chinese Super League,1.87,1.15,61.79
97,95,Bodo/Glimt,Norwegian Tippeligaen,2.33,1.55,61.76
98,97,Monterrey,Mexican Primera Division Torneo Clausura,1.71,1.02,61.6
99,101,FC Midtjylland,Danish SAS-Ligaen,1.77,1.08,61.35
100,104,Kawasaki Frontale,Japanese J League,1.93,1.23,61.07
101,99,Bordeaux,French Ligue 1,1.49,0.86,60.95
102,91,Grêmio,Brasileiro Série A,1.5,0.87,60.74
103,109,Palmeiras,Brasileiro Série A,1.52,0.89,60.71
104,119,Mainz,German Bundesliga,1.81,1.15,60.64
105,120,Sampdoria,Italy Serie A,1.76,1.1,60.62
106,107,Atletico Mineiro,Brasileiro Série A,1.68,1.04,60.6
107,108,PAOK Salonika,Greek Super League,1.47,0.85,60.57
108,98,Celtic,Scottish Premiership,1.85,1.19,60.51
109,113,Angers,French Ligue 1,1.46,0.85,60.45
110,90,Newcastle,Barclays Premier League,1.57,0.94,60.39
111,103,AFC Bournemouth,English League Championship,1.64,1.01,60.36
112,121,Norwich City,English League Championship,1.67,1.04,60.35
113,111,Boca Juniors,Argentina Primera Division,1.47,0.87,60.25
114,105,Bologna,Italy Serie A,1.68,1.06,60.14
115,86,LASK Linz,Austrian T-Mobile Bundesliga,1.81,1.18,59.83
116,118,Torino,Italy Serie A,1.64,1.04,59.8
117,117,FC Cologne,German Bundesliga,1.65,1.04,59.77
118,115,Watford,English League Championship,1.57,0.98,59.62
119,123,FC Augsburg,German Bundesliga,1.6,1.01,59.49
120,106,Feyenoord,Dutch Eredivisie,1.79,1.18,59.45
121,87,São Paulo,Brasileiro Série A,1.54,0.96,59.33
122,125,Metz,French Ligue 1,1.39,0.84,59.08
123,130,Fenerbahce,Turkish Turkcell Super Lig,1.85,1.25,58.97
124,122,Tigres UANL,Mexican Primera Division Torneo Clausura,1.59,1.03,58.91
125,110,Espanyol,Spanish Segunda Division,1.44,0.89,58.87
126,126,Shanghai SIPG,Chinese Super League,1.69,1.13,58.37
127,127,Beijing Guoan,Chinese Super League,1.76,1.21,58.34
128,132,Bragantino,Brasileiro Série A,1.51,1.0,57.82
129,129,Molde,Norwegian Tippeligaen,2.09,1.53,57.72
130,133,AEK Athens,Greek Super League,1.52,1.02,57.39
131,128,Arminia Bielefeld,German Bundesliga,1.49,1.0,57.28
132,134,Sparta Prague,UEFA Europa League,1.74,1.25,56.89
133,135,Brest,French Ligue 1,1.66,1.18,56.75
134,136,Maccabi Tel-Aviv,UEFA Europa League,1.48,1.01,56.68
135,137,Reims,French Ligue 1,1.44,0.98,56.47
136,124,St Etienne,French Ligue 1,1.44,1.0,56.34
137,138,Malmo FF,Swedish Allsvenskan,1.73,1.27,56.09
138,143,Genk,Belgian Jupiler League,1.86,1.4,55.87
139,142,Red Star Belgrade,UEFA Europa League,1.75,1.31,55.76
140,139,Elche,Spanish Primera Division,1.47,1.05,55.58
141,147,Spezia,Italy Serie A,1.58,1.16,55.4
142,140,Benevento,Italy Serie A,1.63,1.21,55.37
143,144,Genoa,Italy Serie A,1.48,1.08,55.17
144,160,Rapid Vienna,Austrian T-Mobile Bundesliga,1.87,1.45,55.16
145,145,Cruz Azul,Mexican Primera Division Torneo Clausura,1.58,1.17,55.1
146,148,Sochi,Russian Premier Liga,1.45,1.07,54.58
147,153,Trabzonspor,Turkish Turkcell Super Lig,1.56,1.18,54.55
148,146,Nantes,French Ligue 1,1.4,1.03,54.49
149,152,Nice,French Ligue 1,1.45,1.08,54.43
150,149,Swansea City,English League Championship,1.34,0.98,54.15
151,131,Basel,Swiss Raiffeisen Super League,1.66,1.3,54.07
152,150,Ferencvaros,UEFA Champions League,1.62,1.26,53.98
153,141,Montpellier,French Ligue 1,1.6,1.24,53.91
154,151,Lokomotiv Moscow,Russian Premier Liga,1.42,1.08,53.82
155,157,Vitesse,Dutch Eredivisie,1.59,1.24,53.7
156,154,Club América,Mexican Primera Division Torneo Clausura,1.48,1.14,53.64
157,155,Dinamo Moscow,Russian Premier Liga,1.33,1.0,53.57
158,187,Ceará,Brasileiro Série A,1.41,1.08,53.52
159,156,Velez Sarsfield,Argentina Primera Division,1.22,0.9,53.34
160,158,Hapoel Be'er,UEFA Europa League,1.62,1.29,53.32
161,178,Pacos Ferreira,Portuguese Liga,1.37,1.05,53.26
162,163,Guimaraes,Portuguese Liga,1.35,1.04,53.15
163,161,West Bromwich Albion,Barclays Premier League,1.54,1.23,52.98
164,162,FC Utrecht,Dutch Eredivisie,1.63,1.32,52.95
165,166,Corinthians,Brasileiro Série A,1.33,1.03,52.85
166,164,CSKA Sofia,UEFA Europa League,1.32,1.02,52.77
167,165,Rostov,Russian Premier Liga,1.39,1.09,52.68
168,170,Blackburn,English League Championship,1.44,1.14,52.67
169,171,Middlesbrough,English League Championship,1.34,1.04,52.63
170,172,Cagliari,Italy Serie A,1.63,1.33,52.56
171,159,Schalke 04,German Bundesliga,1.58,1.29,52.51
172,167,Stoke City,English League Championship,1.29,1.01,52.36
173,175,Defensa y Justicia,Argentina Primera Division,1.28,1.02,51.81
174,179,Lorient,French Ligue 1,1.43,1.18,51.55
175,180,Santos Laguna,Mexican Primera Division Torneo Clausura,1.44,1.19,51.45
176,194,Anderlecht,Belgian Jupiler League,1.33,1.09,51.45
177,181,Jiangsu Suning FC,Chinese Super League,1.5,1.26,51.28
178,207,KAA Gent,Belgian Jupiler League,1.46,1.22,51.26
179,168,Parma,Italy Serie A,1.43,1.19,51.17
180,183,FC Copenhagen,Danish SAS-Ligaen,1.56,1.34,51.05
181,182,Crotone,Italy Serie A,1.48,1.25,51.03
182,184,Los Angeles FC,Major League Soccer,1.78,1.55,50.97
183,185,Philadelphia Union,Major League Soccer,1.6,1.38,50.91
184,186,CFR 1907 Cluj,UEFA Europa League,1.47,1.25,50.79
185,202,Fluminense,Brasileiro Série A,1.29,1.08,50.72
186,188,New York City FC,Major League Soccer,1.67,1.46,50.69
187,176,Cardiff City,English League Championship,1.35,1.14,50.65
188,200,Atlético Paranaense,Brasileiro Série A,1.18,0.96,50.65
189,189,AGF Aarhus,Danish SAS-Ligaen,1.57,1.36,50.58
190,190,Toulouse,French Ligue 2,1.59,1.38,50.56
191,177,Alanyaspor,Turkish Turkcell Super Lig,1.48,1.27,50.56
192,206,Reading,English League Championship,1.28,1.08,50.34
193,173,Antwerp,Belgian Jupiler League,1.44,1.24,50.28
194,195,Ludogorets,UEFA Europa League,1.54,1.35,50.16
195,169,Santos,Brasileiro Série A,1.36,1.17,50.13
196,225,Standard Liege,Belgian Jupiler League,1.47,1.28,50.12
197,174,SK Sturm Graz,Austrian T-Mobile Bundesliga,1.43,1.24,50.09
198,213,Mallorca,Spanish Segunda Division,1.25,1.06,50.06
199,197,Lech Poznan,UEFA Europa League,1.34,1.16,49.84
200,198,Rubin Kazan,Russian Premier Liga,1.19,1.0,49.83
201,199,Shandong Luneng,Chinese Super League,1.6,1.43,49.81
202,193,Wolfsberger AC,Austrian T-Mobile Bundesliga,1.53,1.37,49.59
203,203,Brondby,Danish SAS-Ligaen,1.55,1.39,49.46
204,204,CA Independiente,Argentina Primera Division,1.2,1.04,49.46
205,192,Dijon FCO,French Ligue 1,1.22,1.05,49.44
206,201,León,Mexican Primera Division Torneo Clausura,1.46,1.3,49.27
207,196,Rio Ave,Portuguese Liga,1.19,1.06,48.73
208,208,Newell's Old Boys,Argentina Primera Division,1.24,1.11,48.58
209,217,St Gallen,Swiss Raiffeisen Super League,1.42,1.3,48.5
210,209,Racing Club,Argentina Primera Division,1.18,1.06,48.4
211,212,Pachuca,Mexican Primera Division Torneo Clausura,1.34,1.23,48.27
212,211,Seattle Sounders FC,Major League Soccer,1.43,1.33,48.14
213,219,Fortaleza,Brasileiro Série A,1.13,1.01,48.11
214,222,Hamburg SV,German 2. Bundesliga,1.54,1.44,48.07
215,215,FK Qarabag,UEFA Europa League,1.32,1.23,47.77
216,223,Queens Park Rangers,English League Championship,1.32,1.23,47.73
217,214,Barnsley,English League Championship,1.23,1.13,47.71
218,218,Panathinaikos,Greek Super League,1.08,0.98,47.54
219,220,Millwall,English League Championship,1.21,1.13,47.4
220,228,Derby County,English League Championship,1.15,1.07,47.27
221,191,Gazisehir Gaziantep,Turkish Turkcell Super Lig,1.43,1.37,47.16
222,224,Clermont Foot,French Ligue 2,1.13,1.06,47.01
223,216,Bahía,Brasileiro Série A,1.32,1.27,46.62
224,205,Istanbul Basaksehir,Turkish Turkcell Super Lig,1.5,1.48,46.46
225,210,Guadalajara,Mexican Primera Division Torneo Clausura,1.35,1.32,46.45
226,230,Portimonense,Portuguese Liga,1.2,1.17,46.25
227,238,Atlético Goianiense,Brasileiro Série A,1.17,1.13,46.12
228,227,FC Nordsjaelland,Danish SAS-Ligaen,1.47,1.47,46.06
229,245,Santa Clara,Portuguese Liga,1.23,1.21,46.02
230,229,Lanus,Argentina Primera Division,1.28,1.27,45.68
231,237,Rotherham United,English League Championship,1.31,1.31,45.62
232,232,FC Khimki,Russian Premier Liga,1.34,1.35,45.53
233,226,Nottingham Forest,English League Championship,1.14,1.14,45.45
234,236,Omonia Nicosia,UEFA Europa League,1.41,1.43,45.33
235,221,Sporting de Charleroi,Belgian Jupiler League,1.41,1.44,45.14
236,239,New England Revolution,Major League Soccer,1.4,1.43,45.11
237,242,Preston North End,English League Championship,1.17,1.18,44.99
238,240,Terek Grozny,Russian Premier Liga,1.09,1.1,44.96
239,241,FC Zorya Luhansk,UEFA Europa League,1.27,1.29,44.92
240,243,Talleres de Córdoba,Argentina Primera Division,1.21,1.23,44.82
241,234,Famalicao,Portuguese Liga,1.18,1.2,44.72
242,244,Yokohama F. Marinos,Japanese J League,1.72,1.8,44.62
243,233,Almeria,Spanish Segunda Division,1.19,1.22,44.59
244,246,Ural Sverdlovsk Oblast,Russian Premier Liga,1.16,1.2,44.32
245,235,Pumas Unam,Mexican Primera Division Torneo Clausura,1.27,1.34,44.11
246,231,FC Lugano,Swiss Raiffeisen Super League,1.18,1.24,44.11
247,247,Djurgardens IF,Swedish Allsvenskan,1.3,1.37,44.07
248,258,Luton Town,English League Championship,1.08,1.14,43.83
249,250,Aris Salonika,Greek Super League,1.32,1.4,43.8
250,253,SC Farense,Portuguese Liga,1.24,1.32,43.64
251,254,Gil Vicente,Portuguese Liga,1.06,1.13,43.63
252,313,FC Zurich,Swiss Raiffeisen Super League,1.4,1.5,43.62
253,255,Nimes,French Ligue 1,1.32,1.42,43.59
254,256,Huddersfield Town,English League Championship,1.19,1.27,43.53
255,248,FC Twente,Dutch Eredivisie,1.42,1.54,43.38
256,259,Fortuna Düsseldorf,German 2. Bundesliga,1.28,1.39,43.08
257,257,FC Groningen,Dutch Eredivisie,1.2,1.31,43.05
258,261,Kashima Antlers,Japanese J League,1.27,1.39,42.93
259,273,Hannover 96,German 2. Bundesliga,1.27,1.4,42.9
260,249,Bristol City,English League Championship,1.16,1.26,42.89
261,262,Argentinos Juniors,Argentina Primera Division,1.0,1.08,42.87
262,263,FC Arsenal Tula,Russian Premier Liga,1.15,1.26,42.79
263,264,Rosario Central,Argentina Primera Division,1.15,1.27,42.73
264,260,Sparta,Dutch Eredivisie,1.41,1.56,42.68
265,266,Vasco da Gama,Brasileiro Série A,1.15,1.26,42.62
266,265,Estudiantes,Argentina Primera Division,1.0,1.1,42.6
267,321,Goztepe,Turkish Turkcell Super Lig,1.26,1.41,42.22
268,275,Troyes,French Ligue 2,1.06,1.19,42.14
269,267,Portland Timbers,Major League Soccer,1.47,1.65,42.13
270,270,Moreirense,Portuguese Liga,1.06,1.19,42.1
271,251,Maritimo,Portuguese Liga,1.13,1.26,42.08
272,252,Sivasspor,Turkish Turkcell Super Lig,1.17,1.31,42.06
273,269,Randers FC,Danish SAS-Ligaen,1.23,1.39,42.03
274,271,FC Luzern,Swiss Raiffeisen Super League,1.38,1.56,41.99
275,272,Boavista,Portuguese Liga,1.09,1.23,41.98
276,277,Rayo Vallecano,Spanish Segunda Division,1.1,1.24,41.88
277,289,Heracles,Dutch Eredivisie,1.25,1.41,41.8
278,378,Hull City,English League One,1.31,1.49,41.8
279,276,Arsenal Sarandi,Argentina Primera Division,1.28,1.45,41.78
280,278,Rosenborg,Norwegian Tippeligaen,1.34,1.53,41.66
281,312,Atlético San Luis,Mexican Primera Division Torneo Clausura,1.21,1.38,41.45
282,282,Tianjin Teda,Chinese Super League,1.28,1.47,41.44
283,331,KV Oostende,Belgian Jupiler League,1.29,1.48,41.39
284,283,Sporting Kansas City,Major League Soccer,1.36,1.57,41.31
285,284,Servette,Swiss Raiffeisen Super League,1.22,1.41,41.29
286,285,Atlético Tucumán,Argentina Primera Division,1.07,1.24,41.23
287,294,SC Paderborn,German 2. Bundesliga,1.23,1.42,41.2
288,286,Chicago Fire,Major League Soccer,1.48,1.72,41.16
289,287,Minnesota United FC,Major League Soccer,1.42,1.65,41.11
290,290,Dundalk,UEFA Europa League,1.48,1.72,41.02
291,291,San Lorenzo,Argentina Primera Division,1.14,1.33,40.96
292,279,Auxerre,French Ligue 2,1.24,1.45,40.89
293,268,KV Mechelen,Belgian Jupiler League,1.42,1.66,40.82
294,295,FC Ufa,Russian Premier Liga,0.94,1.1,40.81
295,296,Columbus Crew,Major League Soccer,1.28,1.5,40.81
296,281,Hatayspor,Turkish Turkcell Super Lig,1.21,1.42,40.7
297,299,Monza,Italy Serie B,1.17,1.38,40.59
298,300,Orlando City SC,Major League Soccer,1.32,1.56,40.56
299,301,Inter Miami CF,Major League Soccer,1.28,1.51,40.49
300,298,Sport Recife,Brasileiro Série A,1.04,1.23,40.47
301,302,Patronato,Argentina Primera Division,1.2,1.43,40.35
302,306,SpVgg Greuther Fürth,German 2. Bundesliga,1.26,1.5,40.33
303,303,Gimnasia La Plata,Argentina Primera Division,0.98,1.17,40.3
304,304,IFK Norrkoping,Swedish Allsvenskan,1.53,1.82,40.17
305,274,Amiens,French Ligue 2,1.04,1.25,40.13
306,288,Coventry City,English League Championship,1.09,1.31,40.08
307,310,Belenenses,Portuguese Liga,0.89,1.08,39.91
308,307,Colorado Rapids,Major League Soccer,1.37,1.65,39.89
309,309,Slovan Liberec,UEFA Europa League,1.19,1.44,39.87
310,311,Tijuana,Mexican Primera Division Torneo Clausura,1.13,1.38,39.82
311,297,Konyaspor,Turkish Turkcell Super Lig,1.26,1.53,39.68
312,316,Toronto FC,Major League Soccer,1.29,1.57,39.67
313,317,Banfield,Argentina Primera Division,0.98,1.2,39.66
314,292,Botafogo,Brasileiro Série A,1.17,1.43,39.61
315,280,Goiás,Brasileiro Série A,1.16,1.42,39.57
316,318,Rijeka,UEFA Europa League,1.28,1.56,39.55
317,320,Arizona United,United Soccer League,1.48,1.8,39.5
318,322,FC Dallas,Major League Soccer,1.27,1.55,39.47
319,314,VfL Bochum,German 2. Bundesliga,1.21,1.49,39.41
320,323,Kashiwa Reysol,Japanese J League,1.26,1.55,39.36
321,305,Leganes,Spanish Segunda Division,0.95,1.17,39.33
322,353,C.D. Nacional,Portuguese Liga,1.08,1.34,39.26
323,363,PEC Zwolle,Dutch Eredivisie,1.19,1.47,39.24
324,324,Union Santa Fe,Argentina Primera Division,1.0,1.25,39.16
325,308,Heerenveen,Dutch Eredivisie,1.39,1.71,39.07
326,325,Asteras Tripolis,Greek Super League,1.04,1.3,39.02
327,343,FK Austria Vienna,Austrian T-Mobile Bundesliga,1.14,1.42,39.01
328,326,BK Hacken,Swedish Allsvenskan,1.07,1.34,38.97
329,327,Coritiba,Brasileiro Série A,1.04,1.3,38.9
330,329,Odense BK,Danish SAS-Ligaen,1.19,1.49,38.89
331,338,Yeni Malatyaspor,Turkish Turkcell Super Lig,1.2,1.5,38.89
332,330,New York Red Bulls,Major League Soccer,1.3,1.63,38.83
333,333,AaB,Danish SAS-Ligaen,1.14,1.44,38.73
334,392,WSG Swarovski Wattens,Austrian T-Mobile Bundesliga,1.3,1.63,38.71
335,334,Shanghai Greenland,Chinese Super League,1.34,1.68,38.68
336,361,Toluca,Mexican Primera Division Torneo Clausura,1.18,1.49,38.63
337,337,Henan Jianye,Chinese Super League,1.25,1.57,38.55
338,359,Querétaro,Mexican Primera Division Torneo Clausura,1.09,1.39,38.54
339,319,St. Pölten,Austrian T-Mobile Bundesliga,1.36,1.71,38.51
340,315,Necaxa,Mexican Primera Division Torneo Clausura,1.16,1.47,38.46
341,340,Atlas,Mexican Primera Division Torneo Clausura,1.08,1.39,38.29
342,332,Fatih Karagümrük,Turkish Turkcell Super Lig,1.26,1.6,38.23
343,335,Birmingham,English League Championship,1.0,1.29,38.23
344,342,Hebei China Fortune FC,Chinese Super League,1.29,1.65,38.14
345,328,Tondela,Portuguese Liga,1.1,1.42,38.12
346,344,Wycombe Wanderers,English League Championship,1.13,1.45,38.11
347,345,Mamelodi Sundowns,South African ABSA Premier League,0.98,1.26,38.09
348,350,Karlsruher SC,German 2. Bundesliga,1.29,1.65,38.07
349,347,Huracán,Argentina Primera Division,0.95,1.24,37.93
350,348,Hammarby,Swedish Allsvenskan,1.48,1.89,37.89
351,349,Sheffield Wednesday,English League Championship,1.0,1.31,37.79
352,365,Holstein Kiel,German 2. Bundesliga,1.2,1.55,37.76
353,351,Valerenga,Norwegian Tippeligaen,1.18,1.53,37.74
354,370,Girona FC,Spanish Segunda Division,0.83,1.09,37.74
355,352,FC Juárez,Mexican Primera Division Torneo Clausura,1.14,1.48,37.73
356,354,Wuhan Zall,Chinese Super League,1.17,1.53,37.62
357,339,Kasimpasa,Turkish Turkcell Super Lig,1.22,1.59,37.61
358,355,Cerezo Osaka,Japanese J League,0.97,1.28,37.56
359,356,Nagoya Grampus Eight,Japanese J League,0.9,1.2,37.55
360,360,Atlanta United FC,Major League Soccer,1.11,1.46,37.41
361,293,SV Zulte Waregem,Belgian Jupiler League,1.31,1.71,37.39
362,362,Atromitos,Greek Super League,1.0,1.33,37.25
363,364,Central Córdoba Santiago del Estero,Argentina Primera Division,1.0,1.34,37.16
364,377,Grenoble,French Ligue 2,0.95,1.28,37.16
365,358,St. Truidense,Belgian Jupiler League,1.19,1.57,37.15
366,341,OH Leuven,Belgian Jupiler League,1.33,1.75,37.14
367,366,Nashville SC,Major League Soccer,0.99,1.33,36.92
368,371,Hartberg,Austrian T-Mobile Bundesliga,1.25,1.67,36.83
369,346,Lausanne Sports,Swiss Raiffeisen Super League,1.07,1.44,36.73
370,369,Dalian Aerbin,Chinese Super League,1.29,1.73,36.66
371,374,Antalyaspor,Turkish Turkcell Super Lig,1.02,1.39,36.64
372,357,Eupen,Belgian Jupiler League,1.18,1.59,36.63
373,383,Empoli,Italy Serie B,1.12,1.52,36.53
374,373,Kaizer Chiefs,South African ABSA Premier League,1.01,1.39,36.44
375,368,1. FC Heidenheim 1846,German 2. Bundesliga,1.04,1.43,36.44
376,372,Real Oviedo,Spanish Segunda Division,0.97,1.33,36.38
377,393,KFCO Beerschot-Wilrijk,Belgian Jupiler League,1.41,1.88,36.31
378,375,Houston Dynamo,Major League Soccer,1.28,1.73,36.3
379,389,FC Sion,Swiss Raiffeisen Super League,1.07,1.47,36.29
380,376,Melbourne City,Australian A-League,1.19,1.62,36.26
381,385,Fortuna Sittard,Dutch Eredivisie,1.3,1.76,36.04
382,379,Sanfrecce Hiroshima,Japanese J League,0.91,1.28,36.03
383,380,Sonderjyske,Danish SAS-Ligaen,1.13,1.56,35.98
384,381,FC Tambov,Russian Premier Liga,0.99,1.38,35.94
385,382,Puebla,Mexican Primera Division Torneo Clausura,0.97,1.36,35.91
386,406,Mouscron-Peruwelz,Belgian Jupiler League,1.01,1.42,35.76
387,384,San Jose Earthquakes,Major League Soccer,1.29,1.78,35.71
388,398,Las Palmas,Spanish Segunda Division,0.96,1.37,35.62
389,422,Caykur Rizespor,Turkish Turkcell Super Lig,1.22,1.69,35.55
390,387,FK Volgograd,Russian Premier Liga,0.93,1.33,35.48
391,388,IF Elfsborg,Swedish Allsvenskan,1.2,1.68,35.41
392,336,KV Kortrijk,Belgian Jupiler League,1.1,1.56,35.32
393,367,Sporting Gijón,Spanish Segunda Division,0.78,1.16,34.99
394,429,Paris FC,French Ligue 2,1.06,1.52,34.97
395,394,OFI Crete,Greek Super League,1.06,1.52,34.85
396,395,Chongqing Lifan,Chinese Super League,1.08,1.56,34.78
397,386,Lecce,Italy Serie B,1.12,1.61,34.74
398,400,Hibernian,Scottish Premiership,1.05,1.54,34.47
399,402,Viking FK,Norwegian Tippeligaen,1.35,1.92,34.4
400,420,Lugo,Spanish Segunda Division,0.82,1.24,34.34
401,418,Aberdeen,Scottish Premiership,1.04,1.53,34.31
402,405,Los Angeles Galaxy,Major League Soccer,1.27,1.83,34.26
403,399,Cittadella,Italy Serie B,0.97,1.44,34.17
404,391,SV Darmstadt 98,German 2. Bundesliga,1.17,1.7,34.14
405,401,1. FC Nürnberg,German 2. Bundesliga,1.09,1.62,33.84
406,409,Gamba Osaka,Japanese J League,1.02,1.53,33.76
407,410,Guangzhou RF,Chinese Super League,1.44,2.07,33.73
408,411,Orlando Pirates,South African ABSA Premier League,0.98,1.48,33.73
409,412,FC Tokyo,Japanese J League,0.93,1.41,33.7
410,407,Fuenlabrada,Spanish Segunda Division,0.86,1.32,33.68
411,413,Real Salt Lake,Major League Soccer,1.0,1.51,33.64
412,414,Aldosivi,Argentina Primera Division,0.86,1.33,33.63
413,396,Portsmouth,English League One,1.02,1.54,33.61
414,431,Ankaragucu,Turkish Turkcell Super Lig,1.11,1.67,33.53
415,415,Tianjin Quanujian,Chinese Super League,1.16,1.73,33.51
416,435,Livingston,Scottish Premiership,1.06,1.61,33.29
417,416,AIK,Swedish Allsvenskan,0.87,1.36,33.28
418,417,Kristiansund BK,Norwegian Tippeligaen,1.27,1.88,33.18
419,390,Willem II,Dutch Eredivisie,1.26,1.87,33.12
420,430,Peterborough United,English League One,1.08,1.64,33.07
421,408,Chievo Verona,Italy Serie B,0.9,1.42,33.05
422,397,Sunderland,English League One,0.9,1.42,32.98
423,404,Sydney FC,Australian A-League,1.09,1.67,32.9
424,419,Sochaux,French Ligue 2,0.89,1.41,32.84
425,403,Tenerife,Spanish Segunda Division,0.82,1.31,32.75
426,421,Shenzhen FC,Chinese Super League,1.19,1.81,32.64
427,440,Cercle Brugge,Belgian Jupiler League,1.08,1.69,32.28
428,427,Louisville City FC,United Soccer League,1.08,1.69,32.24
429,423,Jahn Regensburg,German 2. Bundesliga,1.06,1.66,32.23
430,446,SD Ponferradina,Spanish Segunda Division,0.88,1.43,32.18
431,432,Mjallby,Swedish Allsvenskan,1.17,1.82,32.08
432,434,Guingamp,French Ligue 2,0.99,1.59,32.04
433,436,Mazatlán FC,Mexican Primera Division Torneo Clausura,0.98,1.58,31.88
434,433,Valenciennes,French Ligue 2,0.98,1.6,31.57
435,424,Spal,Italy Serie B,0.96,1.57,31.52
436,438,Reno 1868 FC,United Soccer League,1.27,2.0,31.38
437,425,SV Ried,Austrian T-Mobile Bundesliga,1.15,1.83,31.38
438,439,Consadole Sapporo,Japanese J League,1.09,1.76,31.31
439,441,IFK Goteborg,Swedish Allsvenskan,0.93,1.56,30.77
440,426,Mirandes,Spanish Segunda Division,0.8,1.39,30.64
441,454,Perth Glory,Australian A-League,1.14,1.87,30.61
442,463,RKC,Dutch Eredivisie,1.06,1.77,30.38
443,437,Caen,French Ligue 2,0.91,1.56,30.34
444,428,Málaga,Spanish Segunda Division,0.76,1.36,30.24
445,442,Vissel Kobe,Japanese J League,1.17,1.92,30.22
446,443,Tampa Bay Rowdies,United Soccer League,0.96,1.64,30.21
447,445,Montreal Impact,Major League Soccer,1.13,1.88,30.18
448,447,Panetolikos,Greek Super League,0.86,1.51,30.07
449,465,CD Sabadell,Spanish Segunda Division,0.9,1.57,30.05
450,456,Kayserispor,Turkish Turkcell Super Lig,0.88,1.54,30.04
451,449,Colon Santa Fe,Argentina Primera Division,0.83,1.48,29.95
452,462,Western United,Australian A-League,1.11,1.88,29.82
453,451,FC St. Pauli,German 2. Bundesliga,1.05,1.79,29.78
454,450,Godoy Cruz,Argentina Primera Division,0.94,1.64,29.76
455,453,SV Sandhausen,German 2. Bundesliga,1.02,1.75,29.72
456,452,SuperSport United,South African ABSA Premier League,0.81,1.46,29.64
457,444,Cashpoint SC Rheindorf Altach,Austrian T-Mobile Bundesliga,0.97,1.7,29.58
458,461,AD Alcorcon,Spanish Segunda Division,0.67,1.26,29.45
459,457,Odd BK,Norwegian Tippeligaen,1.18,1.99,29.43
460,484,Castellon,Spanish Segunda Division,0.86,1.55,29.41
461,466,VVV Venlo,Dutch Eredivisie,1.17,1.98,29.39
462,458,Vejle,Danish SAS-Ligaen,1.02,1.78,29.39
463,460,Doncaster Rovers,English League One,0.95,1.69,29.23
464,464,Pittsburgh Riverhounds,United Soccer League,0.91,1.64,28.95
465,468,Brescia,Italy Serie B,1.01,1.8,28.78
466,469,Stabaek,Norwegian Tippeligaen,0.95,1.72,28.65
467,459,Real Zaragoza,Spanish Segunda Division,0.71,1.38,28.55
468,470,Bidvest Wits,South African ABSA Premier League,0.74,1.44,28.42
469,471,FC Cartagena,Spanish Segunda Division,0.95,1.74,28.35
470,486,Pordenone Calcio,Italy Serie B,0.79,1.5,28.33
471,481,Emmen,Dutch Eredivisie,1.04,1.87,28.3
472,448,AC Ajaccio,French Ligue 2,0.77,1.48,28.24
473,472,Le Havre,French Ligue 2,0.76,1.47,28.23
474,474,Larissa,Greek Super League,0.7,1.38,28.18
475,473,Wellington Phoenix,Australian A-League,1.03,1.87,28.16
476,475,Urawa Red Diamonds,Japanese J League,0.92,1.71,28.07
477,476,Orebro SK,Swedish Allsvenskan,0.97,1.79,28.06
478,488,Oxford United,English League One,0.93,1.73,28.04
479,483,Erzgebirge Aue,German 2. Bundesliga,0.94,1.73,28.04
480,478,Varbergs BoIS FC,Swedish Allsvenskan,0.99,1.82,28.0
481,480,San Antonio FC,United Soccer League,1.03,1.88,27.84
482,477,AS Nancy Lorraine,French Ligue 2,0.9,1.7,27.78
483,501,Erzurumspor,Turkish Turkcell Super Lig,0.91,1.71,27.76
484,485,Lamia,Greek Super League,0.55,1.18,27.53
485,482,Logrones,Spanish Segunda Division,0.76,1.51,27.49
486,497,Waasland-Beveren,Belgian Jupiler League,1.03,1.91,27.49
487,487,Macarthur FC,Australian A-League,0.89,1.72,27.27
488,455,Genclerbirligi,Turkish Turkcell Super Lig,0.99,1.86,27.25
489,491,F.B.C Unione Venezia,Italy Serie B,0.76,1.52,27.21
490,489,DC United,Major League Soccer,1.02,1.91,27.15
491,494,Newcastle Jets,Australian A-League,0.98,1.86,27.06
492,490,Adelaide United,Australian A-League,1.04,1.94,27.01
493,467,Denizlispor,Turkish Turkcell Super Lig,0.91,1.76,26.94
494,493,Guizhou Renhe,Chinese Super League,0.94,1.82,26.81
495,511,Frosinone,Italy Serie B,0.78,1.58,26.72
496,479,VfL Osnabruck,German 2. Bundesliga,0.88,1.74,26.66
497,495,Sagan Tosu,Japanese J League,0.76,1.57,26.58
498,496,Western Sydney FC,Australian A-League,0.99,1.91,26.49
499,492,FC Vaduz,Swiss Raiffeisen Super League,0.86,1.72,26.36
500,498,Shimizu S-Pulse,Japanese J League,1.1,2.07,26.28
501,502,AC Horsens,Danish SAS-Ligaen,0.85,1.73,25.97
502,503,FC Xanthi,Greek Super League,0.58,1.33,25.81
503,504,Haugesund,Norwegian Tippeligaen,0.98,1.94,25.79
504,500,Würzburger Kickers,German 2. Bundesliga,0.86,1.77,25.7
505,509,Oita Trinita,Japanese J League,0.69,1.52,25.51
506,508,Lincoln City,English League One,0.8,1.68,25.47
507,510,Kilmarnock,Scottish Premiership,0.75,1.62,25.42
508,515,Albacete,Spanish Segunda Division,0.62,1.42,25.26
509,499,Chambly Thelle FC,French Ligue 2,0.82,1.74,25.21
510,506,ADO Den Haag,Dutch Eredivisie,0.99,2.0,25.18
511,514,Niort,French Ligue 2,0.85,1.79,25.06
512,529,Cremonese,Italy Serie B,0.75,1.65,24.83
513,507,Charlton Athletic,English League One,0.92,1.91,24.79
514,526,Rodez,French Ligue 2,0.73,1.63,24.75
515,512,Melbourne Victory,Australian A-League,0.95,1.97,24.63
516,528,FC Trenkwalder Admira,Austrian T-Mobile Bundesliga,0.98,2.05,24.29
517,517,Black Aces,South African ABSA Premier League,0.81,1.78,24.28
518,518,Maritzburg Utd,South African ABSA Premier League,0.56,1.39,24.05
519,513,Ipswich Town,English League One,0.7,1.63,23.97
520,505,Fleetwood Town,English League One,0.71,1.65,23.92
521,519,Pisa,Italy Serie B,0.79,1.78,23.83
522,521,SK Brann,Norwegian Tippeligaen,0.87,1.91,23.79
523,522,Sacramento Republic FC,United Soccer League,0.8,1.8,23.75
524,523,FC Cincinnati,Major League Soccer,0.75,1.72,23.73
525,524,IK Sirius,Swedish Allsvenskan,0.94,2.02,23.7
526,527,Vegalta Sendai,Japanese J League,0.8,1.81,23.52
527,525,Brisbane Roar,Australian A-League,0.82,1.85,23.38
528,530,Helsingborgs IF,Swedish Allsvenskan,0.83,1.88,23.31
529,534,Salernitana,Italy Serie B,0.77,1.78,23.23
530,516,Motherwell,Scottish Premiership,0.75,1.75,23.17
531,531,Vancouver Whitecaps,Major League Soccer,0.84,1.9,23.13
532,551,Dunkerque,French Ligue 2,0.72,1.72,23.08
533,520,Reggina,Italy Serie B,0.7,1.69,23.04
534,532,New Mexico United,United Soccer League,0.81,1.88,22.97
535,533,Dundee Utd,Scottish Premiership,0.65,1.62,22.96
536,535,Eintracht Braunschweig,German 2. Bundesliga,0.74,1.77,22.89
537,555,Milton Keynes Dons,English League One,0.76,1.81,22.6
538,536,Bloem Celtic,South African ABSA Premier League,0.8,1.9,22.37
539,537,St Johnstone,Scottish Premiership,0.7,1.75,22.13
540,538,Sarpsborg,Norwegian Tippeligaen,0.68,1.72,22.04
541,540,Stromsgodset,Norwegian Tippeligaen,0.96,2.17,22.01
542,541,Lyngby,Danish SAS-Ligaen,0.84,1.99,21.98
543,542,Orange County SC,United Soccer League,0.77,1.88,21.91
544,544,El Paso Locomotive FC,United Soccer League,0.66,1.7,21.89
545,545,Panionios,Greek Super League,0.51,1.45,21.84
546,543,Vicenza,Italy Serie B,0.68,1.73,21.82
547,546,Austin Bold FC,United Soccer League,0.94,2.16,21.69
548,547,Charleston Battery,United Soccer League,0.74,1.86,21.6
549,548,Blackpool,English League One,0.65,1.71,21.43
550,549,St Mirren,Scottish Premiership,0.57,1.59,21.39
551,550,Volos NFC,Greek Super League,0.65,1.73,21.22
552,553,Exeter City,English League Two,0.9,2.14,21.19
553,552,San Diego Loyal SC,United Soccer League,0.7,1.82,21.09
554,539,Cosenza,Italy Serie B,0.62,1.71,20.87
555,556,Indy Eleven,United Soccer League,0.68,1.84,20.5
556,562,Chateauroux,French Ligue 2,0.7,1.89,20.16
557,557,Shonan Bellmare,Japanese J League,0.58,1.68,20.11
558,558,Birmingham Legion FC,United Soccer League,0.84,2.15,19.81
559,560,Yokohama FC,Japanese J League,0.68,1.89,19.6
560,563,Virtus Entella,Italy Serie B,0.64,1.83,19.56
561,554,Accrington Stanley,English League One,0.65,1.86,19.41
562,561,Sandefjord,Norwegian Tippeligaen,0.6,1.78,19.39
563,559,Pau,French Ligue 2,0.62,1.82,19.26
564,565,Highlands Park FC,South African ABSA Premier League,0.57,1.75,18.95
565,567,Crewe Alexandra,English League One,0.67,1.94,18.89
566,574,Central Coast Mariners,Australian A-League,0.73,2.04,18.86
567,569,Gillingham,English League One,0.58,1.79,18.53
568,570,Miami FC,United Soccer League,0.83,2.25,18.46
569,564,Salford City,English League Two,0.54,1.74,18.43
570,568,US Pescara,Italy Serie B,0.58,1.81,18.33
571,571,Falkenbergs FF,Swedish Allsvenskan,0.74,2.11,18.32
572,572,Kalmar FF,Swedish Allsvenskan,0.6,1.86,18.23
573,566,Shrewsbury Town,English League One,0.56,1.79,18.22
574,573,Saint Louis FC,United Soccer League,0.64,1.94,18.03
575,575,Rochdale,English League One,0.87,2.36,17.94
576,576,Östersunds FK,Swedish Allsvenskan,0.65,1.97,17.92
577,577,Hamilton Academical,Scottish Premiership,0.67,2.02,17.87
578,578,IK Start,Norwegian Tippeligaen,0.67,2.04,17.68
579,580,Golden Arrows,South African ABSA Premier League,0.43,1.63,17.14
580,579,Wigan,English League One,0.7,2.14,17.03
581,582,Mjondalen,Norwegian Tippeligaen,0.55,1.86,17.02
582,581,Ascoli,Italy Serie B,0.55,1.87,17.0
583,593,Plymouth Argyle,English League One,0.72,2.19,16.93
584,584,Charlotte Independence,United Soccer League,0.66,2.09,16.87
585,585,North Carolina FC,United Soccer League,0.65,2.09,16.69
586,588,Swindon Town,English League One,0.8,2.36,16.53
587,587,LA Galaxy II,United Soccer League,0.84,2.45,16.26
588,583,Ross County,Scottish Premiership,0.63,2.1,16.01
589,586,Reggiana,Italy Serie B,0.53,1.91,15.99
590,597,Oldham Athletic,English League Two,0.8,2.46,15.57
591,590,Polokwane City FC,South African ABSA Premier League,0.47,1.84,15.52
592,591,Tulsa Roughnecks,United Soccer League,0.62,2.14,15.51
593,589,Cheltenham Town,English League Two,0.48,1.87,15.26
594,594,Memphis 901 FC,United Soccer League,0.74,2.37,15.25
595,595,Carlisle United,English League Two,0.54,2.0,15.15
596,596,Crawley Town,English League Two,0.59,2.12,14.99
597,599,Mansfield Town,English League Two,0.59,2.14,14.72
598,592,Leyton Orient,English League Two,0.54,2.07,14.5
599,600,Burton Albion,English League One,0.75,2.47,14.39
600,598,Bristol Rovers,English League One,0.51,2.06,14.05
601,601,Chippa United,South African ABSA Premier League,0.26,1.54,13.92
602,602,Hartford Athletic,United Soccer League,0.66,2.37,13.84
603,603,AmaZulu,South African ABSA Premier League,0.31,1.68,13.48
604,604,Real Monarchs SLC,United Soccer League,0.56,2.22,13.33
605,605,Las Vegas Lights FC,United Soccer League,0.67,2.44,13.32
606,607,Baroka FC,South African ABSA Premier League,0.24,1.57,12.84
607,609,Forest Green Rovers,English League Two,0.39,1.93,12.78
608,621,Tranmere Rovers,English League Two,0.46,2.1,12.64
609,608,Tacoma Defiance,United Soccer League,0.65,2.49,12.51
610,611,Portland Timbers 2,United Soccer League,0.79,2.78,12.37
611,612,Stellenbosch FC,South African ABSA Premier League,0.35,1.89,12.29
612,606,AFC Wimbledon,English League One,0.52,2.26,12.14
613,610,Bolton,English League Two,0.51,2.26,12.08
614,614,Black Leopards,South African ABSA Premier League,0.39,2.03,11.75
615,615,Swope Park Rangers,United Soccer League,0.62,2.56,11.56
616,617,Cambridge United,English League Two,0.37,2.02,11.44
617,619,Newport County,English League Two,0.37,2.04,11.36
618,618,Barrow,English League Two,0.44,2.21,11.24
619,620,Colorado Springs Switchbacks FC,United Soccer League,0.47,2.27,11.15
620,622,Northampton Town,English League One,0.42,2.22,10.81
621,628,Morecambe,English League Two,0.43,2.25,10.69
622,616,Port Vale,English League Two,0.47,2.36,10.56
623,613,Colchester United,English League Two,0.4,2.21,10.5
624,623,Aalesund,Norwegian Tippeligaen,0.59,2.64,10.37
625,624,Oklahoma City Energy FC,United Soccer League,0.42,2.3,10.16
626,630,Walsall,English League Two,0.39,2.23,10.07
627,625,New York Red Bulls II,United Soccer League,0.64,2.79,10.04
628,626,Rio Grande Valley FC Toros,United Soccer League,0.47,2.42,10.01
629,627,Atlanta United 2,United Soccer League,0.57,2.67,9.86
630,629,Bradford City,English League Two,0.23,1.96,9.1
631,633,Scunthorpe,English League Two,0.3,2.3,8.08
632,631,Stevenage,English League Two,0.2,2.08,7.68
633,632,Southend United,English League Two,0.2,2.18,7.05
634,634,Harrogate Town,English League Two,0.2,2.22,6.79
635,635,Loudoun United FC,United Soccer League,0.34,2.65,6.51
636,636,Bethlehem Steel FC,United Soccer League,0.41,2.99,5.78
637,637,Grimsby Town,English League Two,0.2,2.49,5.39
